title,company,location,source,job_type,seniority,is_remote,country,tech_stack
Head of Product and UX,"Fedi, Inc.",Remote,web3.career,Product Manager,Lead,True,Remote,[]
Senior Brand & Design Systems Lead,ZIGCHAIN,Remote,web3.career,Designer,Senior,True,Remote,[]
Senior Visual Designer,CoW DAO,Remote,web3.career,Designer,Senior,True,Remote,[]
"Senior Smart Contract & Backend Developer (Solidity, TypeScript)",Ghaf Group,Remote,web3.career,Smart Contract Developer,Senior,True,Remote,"['solidity', 'typescript']"
Chief Executive Officer (CEO),Rally,Remote,web3.career,Executive/Lead,Lead,True,Remote,[]
ZIGChain Blockchain Engineer,ZIGChain,Remote,web3.career,Blockchain Developer,Mid,True,Remote,[]
Commercial Director (Contractor),TrustSec,Remote,web3.career,Executive/Lead,Lead,True,Remote,[]
Front End Engineer,Blackwing,"Williamsburg, Brooklyn (Hybrid)",web3.career,Frontend Developer,Mid,False,Other,[]
Backend Engineer,Blackwing,"Williamsburg, Brooklyn (Hybrid)",web3.career,Backend Developer,Mid,False,Other,[]
Head of Growth & Capital Markets (TVL / AUM Lead),Tharwa,Remote,web3.career,Marketing/Growth,Lead,True,Remote,[]
Solana Program Engineer,Baton Corporation Ltd,"New York,NY,United States",web3.career,Rust/Solana Developer,Mid,False,USA,['solana']
DeFi Engineer,Mysten Labs,United States,web3.career,DeFi Engineer,Mid,False,USA,[]
Security Engineer Web3,moomoo,"Hong Kong,Hong Kong",web3.career,Blockchain Developer,Mid,False,Hong Kong,[]
Solana Program Engineer,MLabs,"New York,NY,United States",web3.career,Rust/Solana Developer,Mid,False,USA,['solana']
Blockchain Developer,RockawayX,"Prague,Czech Republic",web3.career,Blockchain Developer,Mid,False,Other,[]
Senior PR Manager Asia,Binance,"Tokyo,Japan",web3.career,Marketing/Growth,Senior,False,Japan,[]
Senior Growth Engagement Manager Crypto,Robinhood,"Ljubljana,Slovenia",web3.career,Marketing/Growth,Senior,False,Other,[]
QA Lead 100% remote,Tether,"Delhi,India",web3.career,QA/Testing,Lead,False,India,[]
Head of Legal,Confirmo,"Dublin,Ireland",web3.career,Compliance/Legal,Lead,False,Other,[]
Security Engineer – SIEM Platm Google SecOps,MoonPay,Remote,web3.career,Security/Auditor,Mid,True,Remote,['go']
Technical AI Product Manager,Coin Market Cap Ltd,"Dubai,United Arab Emirates",web3.career,Data/AI,Mid,False,UAE,[]
Rust Developer — EVM Systems Trading Infrastructure,1010 trading,Remote,web3.career,Rust/Solana Developer,Mid,True,Remote,['rust']
Senior Blockchain Backend Engineer,DecryptCode INC,Remote,web3.career,Blockchain Developer,Senior,True,Remote,[]
Executive Escalation Analyst III,Coinbase,Remote,web3.career,Research/Analyst,Mid,True,Remote,[]
Consumer L D SME Trainer Lead Analyst,Coinbase,Remote,web3.career,Research/Analyst,Lead,True,Remote,[]
Senior Backend Engineer 100% Remote,Tether,"London,United Kingdom",web3.career,Backend Developer,Senior,False,UK,[]
Software Architect 100% Remote,Tether,"Bucharest,Romania",web3.career,Other,Mid,False,Other,[]
DevOps Engineer 100% remote,Tether,"Delhi,India",web3.career,DevOps/Infrastructure,Mid,False,India,[]
Senior Full Stack Engineer,Bcbgroup,Remote,web3.career,Full Stack Developer,Senior,True,Remote,[]
Full Stack Engineer,Bcbgroup,Remote,web3.career,Full Stack Developer,Mid,True,Remote,[]
Risk Transmation Lead,Bcbgroup,Remote,web3.career,Executive/Lead,Lead,True,Remote,[]
Senior Technical Business Analyst,Bcbgroup,Remote,web3.career,Research/Analyst,Senior,True,Remote,[]
Senior Product Marketing Manager,Bcbgroup,Remote,web3.career,Product Manager,Senior,True,Remote,[]
Senior Product Designer,Bcbgroup,Remote,web3.career,Product Manager,Senior,True,Remote,[]
Senior Legal Counsel,Bcbgroup,Remote,web3.career,Compliance/Legal,Senior,True,Remote,[]
Fraud Strategy Lead,Bcbgroup,Remote,web3.career,Executive/Lead,Lead,True,Remote,[]
Senior Account Manager,Bcbgroup,Remote,web3.career,Other,Senior,True,Remote,[]
Sr. Staff Software Development Engineer,Zscaler,Remote,web3.career,Other,Senior,True,Remote,[]
Sr. Staff Network Engineer,Zscaler,Remote,web3.career,Other,Senior,True,Remote,[]
Staff Data Center Operations Engineer,Zscaler,Remote,web3.career,Data/AI,Senior,True,Remote,[]
Staff Software Development Engineer Web proxy,Zscaler,Remote,web3.career,Other,Senior,True,Remote,[]
Senior Staff Software Development Engineer,Zscaler,Remote,web3.career,Other,Senior,True,Remote,[]
Principal System and Solution Test Engineer,Zscaler,Remote,web3.career,QA/Testing,Senior,True,Remote,[]
Principal DevOps Engineer,Zscaler,Remote,web3.career,DevOps/Infrastructure,Senior,True,Remote,[]
Senior Product Support Engineer,Zscaler,Remote,web3.career,Product Manager,Senior,True,Remote,[]
Staff Solutions Architect,Layerzerolabs,Remote,web3.career,Other,Senior,True,Remote,[]
Senior Software Engineer,Groma,"Boston,MA,United States",web3.career,Other,Senior,False,USA,[]
Blockchain Engineer TON FunC,TAC,"Riga,Latvia",web3.career,Blockchain Developer,Mid,False,Other,[]
Smart Contract Engineer,Gate,APAC-C1,web3.career,Smart Contract Developer,Mid,False,Other,[]
SDET Mobile and DeFi,Token Metrics Inc.,"London,United Kingdom",web3.career,DeFi Engineer,Mid,False,UK,[]
Engineering Manager Custody,Anchorage Digital,Brazil,web3.career,Other,Mid,False,Brazil,[]
Software Engineer Backend Transactions Engine,Alchemy,Remote,web3.career,Backend Developer,Mid,True,Remote,[]
Customer Product Engineer APAC,Alchemy,Remote,web3.career,Product Manager,Mid,True,Remote,[]
Senior Software Engineer Stablecoins,Bitgo,Remote,web3.career,Other,Senior,True,Remote,[]
Software Engineer Stablecoins,Bitgo,Remote,web3.career,Other,Mid,True,Remote,[]
Senior Smart Contract Backend Developer Solidity TypeScript,Ghaf Group,Remote,web3.career,Smart Contract Developer,Senior,True,Remote,"['solidity', 'typescript']"
🤝Senior Technical Account Manager US,Crossmint,United States,web3.career,Other,Senior,False,USA,[]
Web3 Full Stack Developer – TM Vault Mobile App,Token Metrics Inc.,"London,United Kingdom",web3.career,Blockchain Developer,Mid,False,UK,[]
Software Engineer Blockchain Digital Assets,N3XT,Canada,web3.career,Blockchain Developer,Mid,False,Canada,[]
Smart Contract Engineer,CoW DAO,Remote,web3.career,Smart Contract Developer,Mid,True,Remote,[]
Digital Assets Strategy Lead,Nasdaq,"New York,NY,United States",web3.career,Executive/Lead,Lead,False,USA,[]
Founding Engineer,Payna | YC W26,"San Francisco,CA,United States",web3.career,Other,Mid,False,USA,[]
Monaco Trading Founding Engineer DeFi,Sei Labs,"New York,NY,United States",web3.career,DeFi Engineer,Mid,False,USA,[]
Senior Web3 Software Engineer,Fuel Labs,Brazil,web3.career,Blockchain Developer,Senior,False,Brazil,[]
Senior Blockchain Technical Lead Digital Assets,Invesco,"New York,NY,United States",web3.career,Executive/Lead,Senior,False,USA,[]
Founding General Manager: O2 Exchange,Fuel Labs,France,web3.career,Other,Mid,False,France,[]
Web3 Blockchain Engineer – ERC4626 Vault Router,Token Metrics Inc.,"London,United Kingdom",web3.career,Blockchain Developer,Mid,False,UK,[]
Technical Lead Wallets 100% remote,Tether,Remote,web3.career,Executive/Lead,Lead,True,Remote,[]
Lead Technical Advisor,Trillion,Remote,web3.career,Executive/Lead,Lead,True,Remote,[]
Developer Experience Account Abstraction Interop,Ethereum Foundation,United States,web3.career,Other,Mid,False,USA,[]
Lead Security Engineer Cloud Security,Circle,United States,web3.career,Security/Auditor,Lead,False,USA,[]
🤖Forward Deployed Engineer US Spain,Crossmint,Spain,web3.career,Other,Mid,False,Other,[]
Blockchain Lead Security Analyst,Veridise,Remote,web3.career,Security/Auditor,Lead,True,Remote,[]
Senior Blockchain Developer,Tact,"New York,NY,United States",web3.career,Blockchain Developer,Senior,False,USA,[]
Founding Full Stack Engineer,Berkley Hunt,"New York,NY,United States",web3.career,Full Stack Developer,Mid,False,USA,[]
Solidity Developer,Odiin.,"San Francisco,CA,United States",web3.career,Smart Contract Developer,Mid,False,USA,['solidity']
Blockchain Developer,Bright Mind Solutions LLC,United States,web3.career,Blockchain Developer,Mid,False,USA,[]
Founding Engineer,Paena | YC W26,"San Francisco,CA,United States",web3.career,Other,Mid,False,USA,[]
Senior Blockchain Engineer Solidity FR EN,Collective,Montreux Suisse,web3.career,Smart Contract Developer,Senior,False,Other,['solidity']
Web3 Full Stack Developer Global,Token Metrics Inc.,"London,United Kingdom",web3.career,Blockchain Developer,Mid,False,UK,[]
Smart Contract Engineer Global Remote Non.US,Token Metrics Inc.,"London,United Kingdom",web3.career,Smart Contract Developer,Mid,False,UK,[]
Senior Smart Contract Engineer Blockchain Developer,Kiln,"London,United Kingdom",web3.career,Smart Contract Developer,Senior,False,UK,[]
Full Stack Engineer Web3 focused,Animoca Brands Limited,"Hong Kong,Hong Kong",web3.career,Blockchain Developer,Mid,False,Hong Kong,[]
SDET Intern Mobile and DeFi,Token Metrics Inc.,"London,United Kingdom",web3.career,DeFi Engineer,Junior,False,UK,[]
Developer Relations Engineer Crypto AI Global Remote Non.US,Token Metrics Inc.,Remote,web3.career,Data/AI,Mid,True,Remote,[]
Site Reliability Engineer,Parity,Remote,web3.career,Other,Mid,True,Remote,[]
Quantitative Developer Crypto Options,Numus,Remote,web3.career,Other,Mid,True,Remote,[]
Rust Engineer,Layerzerolabs,"Vancouver,Canada",web3.career,Rust/Solana Developer,Mid,False,Canada,['rust']
Crypto Production Engineer,Jumpcrypto,Remote,web3.career,Product Manager,Mid,True,Remote,[]
Quantitative Developer,Gsrmarkets,Remote,web3.career,Other,Mid,True,Remote,[]
Quantitative Strategist,Gsrmarkets,Remote,web3.career,Other,Mid,True,Remote,[]
Site Reliability Engineer,Gsrmarkets,Remote,web3.career,Other,Mid,True,Remote,[]
Inmation Security Engineer Product,Aptoslabs,Remote,web3.career,Security/Auditor,Mid,True,Remote,[]
Experienced Quantitative Trader,Kronosresearch,Remote,web3.career,Other,Mid,True,Remote,[]
Senior Software Engineer Developer Experience,Bitgo,Remote,web3.career,Other,Senior,True,Remote,[]
Senior Rust Engineer Guardis,Guardis,Remote,web3.career,Rust/Solana Developer,Senior,True,Remote,['rust']
Rust Blockchain Developer Solana,Everstake,Ukraine,web3.career,Rust/Solana Developer,Mid,False,UK,"['rust', 'solana']"
Solutions Engineer,Rain,"New York,NY,United States",web3.career,Other,Mid,False,USA,[]
Sr. Staff Software Engineer RUST Networking,Zscaler,Remote,web3.career,Rust/Solana Developer,Senior,True,Remote,['rust']
Protocol Engineer Contract Brazil,Nexus,Brazil,web3.career,Blockchain Developer,Mid,False,Brazil,[]
Protocol Engineer Contract Argentina,Nexus,Argentina,web3.career,Blockchain Developer,Mid,False,Other,[]
BackEnd Engineer Python,Bluecubeservices,Remote,web3.career,Backend Developer,Mid,True,Remote,['python']
Backend Engineer E3 Developer Experience,Bitgo,Remote,web3.career,Backend Developer,Mid,True,Remote,[]
Senior Crypto Quant Trader,TMGM,"Singapore,Singapore",web3.career,Other,Senior,False,Singapore,[]
Solana PERP DEX: Superis Labs Software Engineer Backend,Ergonia,Remote,web3.career,Rust/Solana Developer,Mid,True,Remote,['solana']
Senior Validator Engineer,Raiku,"London,United Kingdom",web3.career,Other,Senior,False,UK,[]
Senior Software Engineer Identity,Dfinity,Remote,web3.career,Other,Senior,True,Remote,[]
Backend Engineer E2 Developer Experience,Bitgo,Remote,web3.career,Backend Developer,Mid,True,Remote,[]
Senior Software Engineer Hedging Pricing Systems,Gravity Team,Remote,web3.career,Other,Senior,True,Remote,[]
Rust Software Engineer Remote FullTime [HR126],Smart Working Solutions,"Bangalore,India",web3.career,Rust/Solana Developer,Mid,False,India,['rust']
Senior Rust Software Engineer Remote FullTime [HR127],Smart Working Solutions,"Bangalore,India",web3.career,Rust/Solana Developer,Senior,False,India,['rust']
Senior Technical Account Manager,QuickNode,United States,web3.career,Other,Senior,False,USA,[]
Blockchain Architect Europe,ChainGPT,Remote,web3.career,Other,Mid,True,Remote,[]
VP Engineering,Genius,Remote,web3.career,Executive/Lead,Lead,True,Remote,[]
Senior Staff Software Engineer Hexagate,Chainalysis,"Tel Aviv,Israel",web3.career,Other,Senior,False,Other,[]
Sequencing Protocol Engineer Rust,OP Labs,Remote,web3.career,Rust/Solana Developer,Mid,True,Remote,['rust']
Product Marketer DeFi,Keyrock,"London,United Kingdom",web3.career,DeFi Engineer,Mid,False,UK,[]
Rust Backend Senior Lead Developer,Defituna,Switzerland,web3.career,Rust/Solana Developer,Senior,False,Switzerland,['rust']
Marketing Manager Lifecycle Margin Trading,Kraken,United States,web3.career,Marketing/Growth,Mid,False,USA,[]
Marketing Manager Lifecycle Futures Trading,Kraken,United States,web3.career,Marketing/Growth,Mid,False,USA,[]
SUMMER Marketing and Business Development Intern,Integra,Remote,web3.career,Marketing/Growth,Junior,True,Remote,[]
Manager Product Marketing,Inmobi,Remote,web3.career,Product Manager,Mid,True,Remote,[]
Affiliate Marketing Manager,Polymarket,"New York,NY,United States",web3.career,Marketing/Growth,Mid,False,USA,[]
Senior Specialist Product Marketing Bitpanda's Stocks Card,Bitpanda,Remote,web3.career,Product Manager,Senior,True,Remote,[]
Intern Affiliate Influencer Marketing,Bitpanda,Remote,web3.career,Marketing/Growth,Junior,True,Remote,[]
Affiliate Marketing Specialist CEE,Bitpanda,Remote,web3.career,Marketing/Growth,Mid,True,Remote,[]
Affiliate Marketing Specialist Nordics Benelux,Bitpanda,Remote,web3.career,Designer,Mid,True,Remote,[]
Software Engineer Manager Marketing,Bitmex,Remote,web3.career,Marketing/Growth,Mid,True,Remote,[]
Growth Marketer,Bitmex,Remote,web3.career,Marketing/Growth,Mid,True,Remote,[]
Marketing Assistant,Aztec,Remote,web3.career,Marketing/Growth,Mid,True,Remote,[]
Product Marketing Manager,Alchemy,Remote,web3.career,Product Manager,Mid,True,Remote,[]
Product Marketing Manager,Shakepay,"Montreal,Canada",web3.career,Product Manager,Mid,False,Canada,[]
Japan Marketing Manager Remote,"Manta Network, Powered by p0x labs","Tokyo,Japan",web3.career,Marketing/Growth,Mid,False,Japan,[]
Vice President of Marketing Growth,Limit Break,"Tokyo,Japan",web3.career,Marketing/Growth,Mid,False,Japan,[]
PR KOL Specialist APAC,Binance,South East Asia,web3.career,Marketing/Growth,Mid,False,Other,[]
Public Relations Associate Asset Management,Serotonin,"New York,NY,United States",web3.career,Other,Mid,False,USA,[]
Wealth Product Campaign Management,Gate,APAC-C1,web3.career,Product Manager,Mid,False,Other,[]
Affiliate Manager – Crypto,Tradeify,Remote,web3.career,Other,Mid,True,Remote,[]
Content Marketing Manager Remote 100% Worldwide,Bitfinex,"London,United Kingdom",web3.career,Marketing/Growth,Mid,False,UK,[]
Product Marketing Manager,Rain,"New York,NY,United States",web3.career,Product Manager,Mid,False,USA,[]
Lifecycle Marketing Specialist,Bitso,MÃ©xico,web3.career,Marketing/Growth,Mid,False,Other,[]
Product Marketing Manager Deepbook,Mysten Labs,United States,web3.career,Product Manager,Mid,False,USA,[]
Lead Product Marketing Manager Onchain,Kraken,United States,web3.career,Product Manager,Lead,False,USA,[]
ASO Paid Search Manager Apple Search Ads Google Ads,Binance,"Taipei,Taiwan",web3.career,Other,Mid,False,Other,['go']
KOL Marketing Manager,Consensys,Remote,web3.career,Marketing/Growth,Mid,True,Remote,[]
Senior Permance Marketing Manager Crypto,Figure,Remote,web3.career,Marketing/Growth,Senior,True,Remote,[]
Senior Lifecycle Marketing Manager,Figure,Remote,web3.career,Marketing/Growth,Senior,True,Remote,[]
Lead Product Marketing Manager Crypto Products,Figure,Remote,web3.career,Product Manager,Lead,True,Remote,[]
Head of Crypto Partner and Field Marketing,Figure,Remote,web3.career,Marketing/Growth,Lead,True,Remote,[]
Relationship Manager,Copperco,Remote,web3.career,Other,Mid,True,Remote,[]
Growth Lead: Permance Marketing,Ether.fi,"Denver,CO,United States",web3.career,Marketing/Growth,Lead,False,USA,[]
Intern Marketing,Bitpanda,Remote,web3.career,Marketing/Growth,Junior,True,Remote,[]
Crypto Twitter Marketing Intern,Sei Labs,"New York,NY,United States",web3.career,Marketing/Growth,Junior,False,USA,[]
Marketing Project Manager 100% remote,Tether,"Lisboa,Portugal",web3.career,Marketing/Growth,Mid,False,Other,[]
Binance Accelerator Program Content Specialist,Binance,Europe,web3.career,Marketing/Growth,Mid,False,Other,[]
Influencer Marketing Specialist,Coins.ph,"Manila,Philippines",web3.career,Marketing/Growth,Mid,False,Other,[]
KOL Program Manager,Coins.ph,"Manila,Philippines",web3.career,Other,Mid,False,Other,[]
Associate Community Retention,Bitpanda,Remote,web3.career,Community,Mid,True,Remote,[]
Senior Specialist Product Marketing Crypto,Bitpanda,Remote,web3.career,Product Manager,Senior,True,Remote,[]
Staff Product Designer,OpenSea,Remote,web3.career,Product Manager,Senior,True,Remote,[]
Principal Product Designer,Figure,"Reno,NV,United States",web3.career,Product Manager,Senior,False,USA,[]
Trading Product Designer Web,Bitmex,Remote,web3.career,Product Manager,Mid,True,Remote,[]
Senior Product Manager Derivative Trading Growth UX,Bitmex,Remote,web3.career,Product Manager,Senior,True,Remote,[]
Product Designer,Bitgo,Remote,web3.career,Product Manager,Mid,True,Remote,[]
Senior Brand Design Systems Lead,ZIGCHAIN,Remote,web3.career,Designer,Senior,True,Remote,[]
Product Design Wallet Platm,Phantom,United States,web3.career,Product Manager,Mid,False,USA,[]
Senior Brand Design Systems Lead,Zignaly,Remote,web3.career,Designer,Senior,True,Remote,[]
Staff Software Development Engineer UI,Zscaler,Remote,web3.career,Designer,Senior,True,Remote,[]
Product Designer Wallet Platm,Phantom,United States,web3.career,Product Manager,Mid,False,USA,[]
Product Designer,Fireblocks,Remote,web3.career,Product Manager,Mid,True,Remote,[]
Web3 Creative Designer,Serotonin,"New York,NY,United States",web3.career,Designer,Mid,False,USA,[]
Senior Product Designer,Nexus,Argentina,web3.career,Product Manager,Senior,False,Other,[]
Product Designer,ENS Labs,Americas (AMER),web3.career,Product Manager,Mid,False,Other,[]
Senior Product Designer Institutional Custody,Avalabs,Remote,web3.career,Product Manager,Senior,True,Remote,[]
Multimedia Designer 100% remote,Tether,"Barcelona,Spain",web3.career,Designer,Mid,False,Other,[]
Junior Designer 100% remote,Tether,"Lisboa,Portugal",web3.career,Designer,Junior,False,Other,[]
Senior Associate Brand Design,Bitpanda,Remote,web3.career,Designer,Senior,True,Remote,[]
Product Design Intern Summer 2026,Gemini,"New York,NY,United States",web3.career,Product Manager,Junior,False,USA,[]
Senior Web Designer Digital Illustrator,Alpaca,Remote,web3.career,Designer,Senior,True,Remote,[]
Motion Designer,Alpaca,Remote,web3.career,Designer,Mid,True,Remote,[]
Crypto Graphic Designer EuropeRemote,Token Metrics Inc.,Remote,web3.career,Designer,Mid,True,Remote,[]
Frontend Engineer UX Infrastructure Integrations,Solomon Labs,Remote,web3.career,Frontend Developer,Mid,True,Remote,[]
Design Engineer Frontend,Solomon Labs,Remote,web3.career,Frontend Developer,Mid,True,Remote,[]
Senior Engineer,Tesser,"New York,NY,United States",web3.career,Other,Senior,False,USA,
Product Engineer,The Lanes Group,"New York,NY,United States",web3.career,Product Manager,Mid,False,USA,
Senior Blockchain Developer,Swoon,"San Francisco,CA,United States",web3.career,Blockchain Developer,Senior,False,USA,
DeFi Developer New York,AAA Global,"New York,NY,United States",web3.career,DeFi Engineer,Mid,False,USA,
Engineer,ICME,"San Francisco,CA,United States",web3.career,Other,Mid,False,USA,
Backend Software Engineer Incubations,Sei Labs,"New York,NY,United States",web3.career,Backend Developer,Mid,False,USA,
Fullstack Software Engineer Incubations,Sei Labs,"New York,NY,United States",web3.career,Full Stack Developer,Mid,False,USA,
Software Engineer General,Sei Labs,"New York,NY,United States",web3.career,Other,Mid,False,USA,
Blockchain Consultant,Venusgeo Solutions,United States,web3.career,Other,Mid,False,USA,
Quantitative Risk Researcher,Divine,"San Francisco,CA,United States",web3.career,Research/Analyst,Mid,False,USA,
Chief Financial Officer,MLabs,"New York,NY,United States",web3.career,Executive/Lead,Lead,False,USA,
Trading Operations Analyst Associate,GSR,"New York,NY,United States",web3.career,Research/Analyst,Mid,False,USA,
Quantitative Trading Analyst,MLabs,"New York,NY,United States",web3.career,Research/Analyst,Mid,False,USA,
Vice President Consulting,Consello,"New York,NY,United States",web3.career,Other,Mid,False,USA,
Head of Marketing,MLabs,"New York,NY,United States",web3.career,Marketing/Growth,Lead,False,USA,
Escalation Engineer AI Security,Zscaler,Remote,web3.career,Security/Auditor,Mid,True,Remote,
Solution Architect,Zscaler,Remote,web3.career,Other,Mid,True,Remote,
Technical Success Manager,Zscaler,Remote,web3.career,Other,Mid,True,Remote,
Senior Technical Success ManagerAMS,Zscaler,Remote,web3.career,Other,Senior,True,Remote,
Software Engineer II AI ML,Zinnia,Remote,web3.career,Data/AI,Mid,True,Remote,
Software Engineer II AI Creative,Zinnia,Remote,web3.career,Data/AI,Mid,True,Remote,
Senior Software Engineer I API,Zinnia,Remote,web3.career,Other,Senior,True,Remote,
Senior Software Engineer I,Zinnia,Remote,web3.career,Other,Senior,True,Remote,
Senior Product Security Engineer,Zinnia,Remote,web3.career,Security/Auditor,Senior,True,Remote,
Senior Product Manager Technical,Zinnia,Remote,web3.career,Product Manager,Senior,True,Remote,
Senior Product Manager SOR,Zinnia,Remote,web3.career,Product Manager,Senior,True,Remote,
Product Manager Technical Insurance Background,Zinnia,Remote,web3.career,Product Manager,Mid,True,Remote,
Product Manager Technical,Zinnia,Remote,web3.career,Product Manager,Mid,True,Remote,
Product Security Engineer – DeFi,Falconx,Remote,web3.career,DeFi Engineer,Mid,True,Remote,
Head of Credit Capital Markets,Keyrock,"London,United Kingdom",web3.career,Executive/Lead,Lead,False,UK,
Software Engineer Generalist,Aztec,"New York,NY,United States",web3.career,Other,Mid,False,USA,
Blockchain Engineer Smart Contract,Omen,"New York,NY,United States",web3.career,Smart Contract Developer,Mid,False,USA,
Director of Marketing,Hivemind Capital,"New York,NY,United States",web3.career,Marketing/Growth,Lead,False,USA,
Lifecycle Marketing Lead,Polymarket,"New York,NY,United States",web3.career,Marketing/Growth,Lead,False,USA,
Field Marketing Intern,Alliedglobalmarketing,Remote,web3.career,Marketing/Growth,Junior,True,Remote,
Senior Product Manager Campaign Operations,Okx,Remote,web3.career,Product Manager,Senior,True,Remote,
Growth Marketing and Community Lead Contract Remote,Ares,Remote,web3.career,Community,Lead,True,Remote,
Director of Marketing,Hivemind Capital Partners,"New York,NY,United States",web3.career,Marketing/Growth,Lead,False,USA,
Product Marketing Manager,Windranger Labs,"Singapore,Singapore",web3.career,Product Manager,Mid,False,Singapore,
Associate Growth Marketer API L1,CoinGecko,Malaysia,web3.career,Marketing/Growth,Mid,False,Other,
Crypto Communications and Public Relations Manager Remote Global,Token Metrics Inc.,"London,United Kingdom",web3.career,Other,Mid,False,UK,
Product Marketing Manager,Pulley,Remote,web3.career,Product Manager,Mid,True,Remote,
Binance Accelerator Program Marketing Australia New Zealand,Binance,"Auckland,New Zealand",web3.career,Marketing/Growth,Mid,False,Other,
Marketing Lead AIVM Blockchain Middle East,ChainGPT,Remote,web3.career,Marketing/Growth,Lead,True,Remote,
Product Marketing Manager,solflare,"Zagreb,Croatia",web3.career,Product Manager,Mid,False,Other,
Marketing Lead AIVM Blockchain Europe,ChainGPT,Remote,web3.career,Marketing/Growth,Lead,True,Remote,
Manager National Field Training Immunology Account Executives,BioSpace,United States,web3.career,Other,Mid,False,USA,
Sales Development Representative Crypto Web3,Worldpay,United States,web3.career,Other,Mid,False,USA,
Lead Product Manager Compliance and Fraud,Zinnia,Remote,web3.career,Product Manager,Lead,True,Remote,
IT Automation Engineer,Zinnia,Remote,web3.career,Other,Mid,True,Remote,
Director Technical Product Management,Zinnia,Remote,web3.career,Product Manager,Lead,True,Remote,
CIAM Software Engineer III,Zinnia,Remote,web3.career,Other,Mid,True,Remote,
API Sr Software Engineer I,Zinnia,Remote,web3.career,Other,Mid,True,Remote,
Finance Specialist Tax,Zinnia,Remote,web3.career,Other,Mid,True,Remote,
Smart Contract Engineer,Wormholefoundation,Remote,web3.career,Smart Contract Developer,Mid,True,Remote,
PhD Research Fellow,Uniswaplabs,Remote,web3.career,Research/Analyst,Mid,True,Remote,
Senior Frontend Engineer,Uniswaplabs,Remote,web3.career,Frontend Developer,Senior,True,Remote,
General Manager,Telcoin,Remote,web3.career,Other,Mid,True,Remote,
Senior Product Manager,Scrollio,Remote,web3.career,Product Manager,Senior,True,Remote,
Financial Crime Investigations Specialist 3 month FTC,Rampnetwork,Remote,web3.career,Other,Mid,True,Remote,
Senior Legal Counsel 6 month FTC,Rampnetwork,Remote,web3.career,Compliance/Legal,Senior,True,Remote,
Backend Engineer,Pulley,Remote,web3.career,Backend Developer,Mid,True,Remote,
Administration Lead Event Staff Welfare Management,Okx,Remote,web3.career,Executive/Lead,Senior,True,Remote,
Solidity Smart Contract Developer Oracle,Coin Market Cap Ltd,"Dubai,United Arab Emirates",web3.career,Smart Contract Developer,Mid,False,Other,
Junior Blockchain Engineer,Hatch Pros,United States,web3.career,Blockchain Developer,Junior,False,USA,
Backend Engineer Market Making,Arrakis Finance,"Zug,Switzerland",web3.career,Backend Developer,Mid,False,Other,
Senior Engineering Lead,Arrakis Finance,Switzerland,web3.career,Executive/Lead,Senior,False,Other,
Enablement Technical Lead,Consensys,Remote,web3.career,Executive/Lead,Lead,True,Remote,
SDET Intern Mobile and DeFi,Token Metrics,"Austin,TX,United States",web3.career,DeFi Engineer,Junior,False,USA,
Staff Protocol Engineer EVM,Avalabs,Remote,web3.career,Blockchain Developer,Senior,True,Remote,
DeFi Trader,Presto,South Korea,web3.career,DeFi Engineer,Mid,False,Other,
Smart Contract Engineer Data Science Associate,Fmr,"Boston,MA,United States",web3.career,Smart Contract Developer,Mid,False,USA,
Senior Smart Contract Backend Engineer,Yei Finance,Remote,web3.career,Smart Contract Developer,Senior,True,Remote,
DeFi Risk Engineer,Toogeza,Ukraine,web3.career,DeFi Engineer,Mid,False,UK,
Blockchain Developer,TechWish,United States,web3.career,Blockchain Developer,Mid,False,USA,
Engineering Manager SelfCustody,Anchorage Digital,United States,web3.career,Other,Mid,False,USA,
Full Stack Engineer Crypto,Joy Network,"New York,NY,United States",web3.career,Full Stack Developer,Mid,False,USA,
Founding Engineer,Paros,"New York,NY,United States",web3.career,Other,Mid,False,USA,
Crypto Production Engineer,Wormholefoundation,Remote,web3.career,Product Manager,Mid,True,Remote,
Data Engineer,Gsrmarkets,Remote,web3.career,Data/AI,Mid,True,Remote,
Junior HR Programs Specialist,Keyrock,"Brussels,Belgium",web3.career,Other,Junior,False,Other,
Engineering Manager,Cryptio,"London,United Kingdom",web3.career,Other,Mid,False,UK,
Systems Engineer Blockchain,Iftother,Remote,web3.career,Blockchain Developer,Mid,True,Remote,
Systems Engineer Blockchain,Logos,Remote,web3.career,Blockchain Developer,Mid,True,Remote,
Quality Engineer,Offchain Labs,Remote,web3.career,Other,Mid,True,Remote,
Crypto Production Engineer,Wormhole Foundation,Remote,web3.career,Product Manager,Mid,True,Remote,
Software Engineer Blockchain Data,Dune,"London,United Kingdom",web3.career,Blockchain Developer,Mid,False,UK,
Blockchain Architect Africa,ChainGPT,Remote,web3.career,Other,Mid,True,Remote,
Blockchain Architect Middle East,ChainGPT,Remote,web3.career,Other,Mid,True,Remote,
Blockchain Security Engineer,zeroShadow,Remote,web3.career,Blockchain Developer,Mid,True,Remote,
Crypto Quant Trader,TMGM,"Sydney,Australia",web3.career,Other,Mid,False,Other,
Software Engineer – Margin Trading,Solayer Labs,"Palo Alto,CA,United States",web3.career,Other,Mid,False,USA,
Blockchain Engineer,MLabs,"New York,NY,United States",web3.career,Blockchain Developer,Mid,False,USA,
Senior Backend Rust Engineer,travoom,"Austin,TX,United States",web3.career,Rust/Solana Developer,Senior,False,USA,
Senior Blockchain Engineer,Ballistic,Remote,web3.career,Blockchain Developer,Senior,True,Remote,
Blockchain Architect Asia,ChainGPT,Remote,web3.career,Other,Mid,True,Remote,
Blockchain Payments Engineer,MLabs,"London,United Kingdom",web3.career,Blockchain Developer,Mid,False,UK,
Senior Systems Engineer Permance,Jito Labs,United States,web3.career,Other,Senior,False,USA,
Site Reliability Engineer,Wormholefoundation,Remote,web3.career,Other,Mid,True,Remote,
Campaign Manager,Wallet,Remote,web3.career,Other,Mid,True,Remote,
Content Marketer,OpenZeppelin,Remote,web3.career,Marketing/Growth,Mid,True,Remote,
SVP Marketing,Alpaca,Remote,web3.career,Marketing/Growth,Lead,True,Remote,
Crypto KOL Outreach Intern,BeInCrypto,Remote,web3.career,Other,Junior,True,Remote,
Influencer Marketing Lead Sports Predictions,Crypto.com,United States,web3.career,Marketing/Growth,Lead,False,USA,
Affiliate Marketing Lead USA Sports Predictions,Crypto.com,United States,web3.career,Marketing/Growth,Lead,False,USA,
SMM Content Manager,Getgems,Remote,web3.career,Marketing/Growth,Mid,True,Remote,
Partnerships Marketer,OpenZeppelin,Remote,web3.career,Other,Mid,True,Remote,
TikTok Instagram Content Creator,CoinStats,Remote,web3.career,Marketing/Growth,Mid,True,Remote,
VIP Relationship Manager,Crypto.com,"Los Angeles,CA,United States",web3.career,Other,Mid,False,USA,
Member of Product Marketing FIG,Anchorage Digital,United States,web3.career,Product Manager,Mid,False,USA,
Marketing Lead AIVM Blockchain Asia,ChainGPT,Remote,web3.career,Marketing/Growth,Lead,True,Remote,
Sr. Marketing Manager AEO,Kraken,"London,United Kingdom",web3.career,Marketing/Growth,Senior,False,UK,
Marketing Manager,Silo Finance,Remote,web3.career,Marketing/Growth,Mid,True,Remote,
Vice President Business Marketing PR Comms,Inmobi,Remote,web3.career,Marketing/Growth,Mid,True,Remote,
Product Design Intern Summer 2026,Nifty Gateway Studio,"New York,NY,United States",web3.career,Product Manager,Junior,False,USA,
Product Designer,Sei Labs,"New York,NY,United States",web3.career,Product Manager,Mid,False,USA,
Director Product Design – Growth,Kraken,United States,web3.career,Product Manager,Lead,False,USA,
Junior Brand Designer,Nifty Gateway Studio,"New York,NY,United States",web3.career,Designer,Junior,False,USA,
Senior Brand Designer Art Director,Kraken,"London,United Kingdom",web3.career,Designer,Senior,False,UK,
Sr. Director Design Consumer,Kraken,United States,web3.career,Designer,Senior,False,USA,
Lead UI UX Designer Product Designer Cryptocurrency Financial Platm,Defituna,Switzerland,web3.career,Product Manager,Lead,False,Other,
Senior Product Designer MetaMask,Consensys,Remote,web3.career,Product Manager,Senior,True,Remote,
Director of Product Management MetaMask Core Extension UX,Consensys,Remote,web3.career,Product Manager,Lead,True,Remote,
Brand Designer,solflare,"Zagreb,Croatia",web3.career,Designer,Mid,False,Other,
Visual Designer Breakout Prop,Kraken,United States,web3.career,Designer,Mid,False,USA,
Senior Product Designer,CoinTracker,United States,web3.career,Product Manager,Senior,False,USA,
Design Director MetaMask Transactions,Consensys,Remote,web3.career,Designer,Lead,True,Remote,
Senior Product Designer,Blockworks,"New York,NY,United States",web3.career,Product Manager,Senior,False,USA,
UX Graphic Designer Crypto Trading Platm,Fuel Labs,Brazil,web3.career,Designer,Mid,False,Brazil,
Freelance Graphic Motion Designer Wanted Web3 Crypto Trading,Mach Diamonds,Remote,web3.career,Designer,Mid,True,Remote,
Associate Brand Designer,Gemini,"New York,NY,United States",web3.career,Designer,Mid,False,USA,
Senior Graphic Designer,Kiln,"Paris,France",web3.career,Designer,Senior,False,Other,
Design Engineer,Monad Foundation,United States,web3.career,Designer,Mid,False,USA,
Head of Design,Blockchain,Remote,web3.career,Designer,Lead,True,Remote,
Senior Product Designer,Superstate,"New York,NY,United States",web3.career,Product Manager,Senior,False,USA,
UX Researcher,Bitso,Latin America,web3.career,Designer,Mid,False,Other,
Senior Product Designer,Trilitech,"London,United Kingdom",web3.career,Product Manager,Senior,False,UK,
Graphic Designer [ContracttoPerm],Monad Foundation,United States,web3.career,Designer,Mid,False,USA,
Product Designer Mobile,Bitmex,Remote,web3.career,Product Manager,Mid,True,Remote,
Founding Product Designer,Allium,"New York,NY,United States",web3.career,Product Manager,Mid,False,USA,
Brand Designer,Zerion,Europe,web3.career,Designer,Mid,False,Other,
Senior Product Ops Designer,Kast,Remote,web3.career,Product Manager,Senior,True,Remote,
Senior UX UI Designer,Kast,Australia,web3.career,Designer,Senior,False,Other,
Full Stack Engineer,MLabs,"New York,NY,United States",web3.career,Full Stack Developer,Mid,False,USA,
Operations Project Manager,D3,"Los Angeles,CA,United States",web3.career,Other,Mid,False,USA,
Distribution Partnership Specialist Web3,D3,"Los Angeles,CA,United States",web3.career,Other,Mid,False,USA,
Head of Product Compliance,Okx,Remote,web3.career,Product Manager,Lead,True,Remote,
Senior Legal Counsel,Nearfoundation,Remote,web3.career,Compliance/Legal,Senior,True,Remote,
Business Development Director,Nearfoundation,Remote,web3.career,Executive/Lead,Lead,True,Remote,
Senior QA Automation Engineer Web3,Kraken,United States,web3.career,Blockchain Developer,Senior,False,USA,
Developer Relations Engineer,Layerzerolabs,"Vancouver,Canada",web3.career,Other,Mid,False,Canada,
Principal FrontEnd Engineer,Improbable,"London,United Kingdom",web3.career,Frontend Developer,Senior,False,UK,
Trading Operations Analyst,Gsrmarkets,Remote,web3.career,Research/Analyst,Mid,True,Remote,
DeFi Trader,Gsrmarkets,Remote,web3.career,DeFi Engineer,Mid,True,Remote,
Head of Compliance Americas,Falconx,Remote,web3.career,Compliance/Legal,Lead,True,Remote,
Product Manager,Copperco,Remote,web3.career,Product Manager,Mid,True,Remote,
Paralegal London,Copperco,Remote,web3.career,Compliance/Legal,Mid,True,Remote,
Legal Counsel EMEA,Copperco,Remote,web3.career,Compliance/Legal,Mid,True,Remote,
VP Client Operations,Copperco,Remote,web3.career,Other,Lead,True,Remote,
Client Operations Associate,Copperco,Remote,web3.career,Other,Mid,True,Remote,
Tax Manager,Copperco,Remote,web3.career,Other,Mid,True,Remote,
Technical Support Lead,Copperco,Remote,web3.career,Executive/Lead,Lead,True,Remote,
QA Engineer,Copperco,Remote,web3.career,QA/Testing,Mid,True,Remote,
Associate Software Engineer,Copperco,Remote,web3.career,Other,Mid,True,Remote,
Venture Analyst,Digitalcurrencygroup,Remote,web3.career,Research/Analyst,Mid,True,Remote,
Business Development Manager West,Dialecticch,Remote,web3.career,Other,Mid,True,Remote,
Credit Trader Prime Finance,Anchorage Digital,"Singapore,Singapore",web3.career,Other,Mid,False,Singapore,
Senior Web3 Frontend Engineer Lead,WeAreShovels.com,Remote,web3.career,Blockchain Developer,Senior,True,Remote,
Integration support agent,Wert,Remote,web3.career,Other,Mid,True,Remote,
Binance Accelerator Program Web3 AI,Binance,"Brisbane,Australia",web3.career,Other,Mid,False,Other,
Senior Product Operations Derivatives,Binance,"Taipei,Taiwan",web3.career,Product Manager,Senior,False,Other,
Front Office Risk Manager Crypto Credit Products DeFi F M D,Flowdesk,"New York,NY,United States",web3.career,DeFi Engineer,Mid,False,USA,
Country Head North America,Bitget Wallet,"New York,NY,United States",web3.career,Other,Lead,False,USA,
Senior Manager Digital Asset Business Risk Consulting,KPMG in the Cayman Islands,"New York,NY,United States",web3.career,Other,Senior,False,USA,
Crypto Threat Analyst,Jack &amp; Jill,"Washington,United States",web3.career,Research/Analyst,Mid,False,USA,
Crypto Research Analyst Institutional Focus,Token Relations,"New York,NY,United States",web3.career,Research/Analyst,Mid,False,USA,
Copywriter Web3 Academy,GoMining,Remote,web3.career,Other,Mid,True,Remote,
Principal Product Manager Onchain FX,Circle,"Washington,United States",web3.career,Product Manager,Senior,False,USA,
Account Executive Event Sponsorship Sales,Blockchain Futurist Conference,Remote,web3.career,Other,Mid,True,Remote,
Senior Software Architect Blockchain DeFi,Ledger,"Paris,France",web3.career,DeFi Engineer,Senior,False,Other,
Enterprise Education Engineer,Solana Foundation,Remote,web3.career,Other,Mid,True,Remote,
Head Of Sales,0x,Remote,web3.career,Executive/Lead,Lead,True,Remote,
PR Manager 100% Remote,Tether,"Hanoi,Vietnam",web3.career,Other,Mid,False,Other,
VIP Account Advisor,Bitso,MÃ©xico,web3.career,Other,Mid,False,Other,
Technical Product Manager,Superstate,"New York,NY,United States",web3.career,Product Manager,Mid,False,USA,
Talent Lead,LI.FI,Remote,web3.career,Executive/Lead,Lead,True,Remote,
Operations Associate Sportsbook Support Specialist,Magic Eden,"Krakow,Poland",web3.career,Other,Mid,False,Other,
National Field Training Manager Psychiatry Training Account Executive,abbvie,"Newark, NJ",web3.career,Other,Mid,False,Other,
Technical Product Manager,Albert Bow,"New York,NY,United States",web3.career,Product Manager,Mid,False,USA,
Fullstack Engineer Wallets Minting US,Crossmint,"Miami,FL,United States",web3.career,Full Stack Developer,Mid,False,USA,
Frontend Senior Engineer,Hive Labs,"New York,NY,United States",web3.career,Frontend Developer,Senior,False,USA,
Senior Staff DevOps Engineer MetaMask,Consensys,Remote,web3.career,DevOps/Infrastructure,Senior,True,Remote,
CoFounder — Web3 Fashion,Rise and Fame,"New York,NY,United States",web3.career,Other,Mid,False,USA,
Senior HR Systems People Operations Specialist,Consensys,Remote,web3.career,Other,Senior,True,Remote,
Mobile Live Operations Producer,Limit Break,United States,web3.career,Other,Mid,False,USA,
Sportsbetting Support Lead,Magic Eden,"Melbourne,Australia",web3.career,Executive/Lead,Lead,False,Other,
Blockchain Consultant,Non Fungible Technology,United States,web3.career,Other,Mid,False,USA,
Lead Generation Specialist Web3 AI Domain Americas,ChainGPT,Remote,web3.career,Data/AI,Lead,True,Remote,
Manager National Field Training Retina,abbvie,"Irvine,CA,United States",web3.career,Other,Mid,False,USA,
Expert Advisor: Banking Digital Assets,webfx.com,United States,web3.career,Other,Mid,False,USA,
Lead Generation Specialist Web3 AI Domain Europe,ChainGPT,Remote,web3.career,Data/AI,Lead,True,Remote,
Lead Generation Specialist Web3 AI Domain Middle East,ChainGPT,Remote,web3.career,Data/AI,Lead,True,Remote,
Lead Generation Specialist Web3 AI Domain Asia,ChainGPT,Remote,web3.career,Data/AI,Lead,True,Remote,
Senior Rust Software Engineer Lowlatency Networking,Triton One,Remote,web3.career,Rust/Solana Developer,Senior,True,Remote,
Lead Generation Specialist Web3 AI Domain Africa,ChainGPT,Remote,web3.career,Data/AI,Lead,True,Remote,
CoFounder Equity Based Luxury Sustainability Web3,Rise and Fame,"Los Angeles,CA,United States",web3.career,Designer,Mid,False,USA,
Exchange Platm Operations Manager,Kraken,United States,web3.career,Other,Mid,False,USA,
Rust Engineer Platm Trading,Keyrock,"Brussels,Belgium",web3.career,Rust/Solana Developer,Mid,False,Other,
Marketing Artist,RoofStacks,İstanbul,web3.career,Marketing/Growth,Mid,False,Other,
CoFounder Equity Based,Rise and Fame,"Los Angeles,CA,United States",web3.career,Designer,Mid,False,USA,
Technical Customer Growth Manager Korea,Immutable,South Korea,web3.career,Marketing/Growth,Mid,False,Other,
CoFounder Equity Based Fashion Sustainability Web3,Rise and Fame,"New York,NY,United States",web3.career,Designer,Mid,False,USA,
CoFounder EquityBased — Fashion Sustainability Web3,Rise and Fame,"Los Angeles,CA,United States",web3.career,Designer,Mid,False,USA,
Senior Backend Engineer MetaMask OffChain,Consensys,Remote,web3.career,Backend Developer,Senior,True,Remote,
Marketing Analytics Manager,Consensys,Remote,web3.career,Marketing/Growth,Mid,True,Remote,
HR Operations Payroll Specialist Remote Hybrid EMEA,Keyrock,"Brussels,Belgium",web3.career,Other,Mid,False,Other,
Junior FP A Analyst Digital Assets UK or EU Remote,Keyrock,"London,United Kingdom",web3.career,Research/Analyst,Junior,False,UK,
Senior Product Manager MetaMask Assets,Consensys,Remote,web3.career,Product Manager,Senior,True,Remote,
Corporate Associate – Crypto Blockchain,TPO search,"New York,NY,United States",web3.career,Other,Mid,False,USA,
Manager National Field Training Gastro,abbvie,"Mettawa, IL",web3.career,Other,Mid,False,Other,
Game Developer,Shields Group Search,"San Francisco,CA,United States",web3.career,Other,Mid,False,USA,
Blockchain Engineer,Consensys,Remote,web3.career,Blockchain Developer,Mid,True,Remote,
Game Community Lead Revenue Share Remote,3METAD,"San Jose,CA,United States",web3.career,Community,Lead,False,USA,
Content Operations Manager,Crypto.com,"Hong Kong,Hong Kong",web3.career,Marketing/Growth,Mid,False,Hong Kong,
Senior Software Engineer MetaMask Growth,Consensys,Remote,web3.career,Marketing/Growth,Senior,True,Remote,
CoFounder EquityBased — Fashion Web3,Rise and Fame,"Los Angeles,CA,United States",web3.career,Designer,Mid,False,USA,
Senior Software Engineer MetaMask Advanced Trading,Consensys,Remote,web3.career,Other,Senior,True,Remote,
Senior Web3 + Gaming Engineer,Shields Group Search,"San Francisco,CA,United States",web3.career,Blockchain Developer,Senior,False,USA,
Manager National Field Training Immunology Account Executives,abbvie,United States,web3.career,Other,Mid,False,USA,
Web Developer Revenue Share Remote,3METAD,"San Jose,CA,United States",web3.career,Other,Mid,False,USA,
Trading Operations Specialist Digital Assets London Hybrid,Keyrock,"London,United Kingdom",web3.career,Other,Mid,False,UK,
Trading Operations Specialist Digital Assets EMEA Remote,Keyrock,"London,United Kingdom",web3.career,Other,Mid,False,UK,
Accounting Specialist Digital Assets Belgium Hydrid,Keyrock,"Brussels,Belgium",web3.career,Other,Mid,False,Other,
Lead Backend Rust Engineer,travoom,"Austin,TX,United States",web3.career,Rust/Solana Developer,Lead,False,USA,
Social Media Lead,Supra,"New York,NY,United States",web3.career,Marketing/Growth,Lead,False,USA,
Sr Sports Trader Risk Analyst,Magic Eden,"Melbourne,Australia",web3.career,Research/Analyst,Mid,False,Other,
Backend Architecture and Game Server,Miracle Dojo Inc,United States,web3.career,Backend Developer,Mid,False,USA,
Social Marketing Manager DOMA,D3,"Los Angeles,CA,United States",web3.career,Marketing/Growth,Mid,False,USA,
Staff Software Engineer MetaMask New Networks,Consensys,Remote,web3.career,Other,Senior,True,Remote,
Robot Network Software EngineerNew,Figure,"San Jose,CA,United States",web3.career,Other,Mid,False,USA,
Junior Frontend Software Developer,Triton One,Remote,web3.career,Frontend Developer,Junior,True,Remote,
Robot Network Software Engineer,Figure,"San Jose,CA,United States",web3.career,Other,Mid,False,USA,
Accounting Manager,Magic Eden,United States,web3.career,Other,Mid,False,USA,
